node_idx,xgb_score,tgn_score,dyg_score,ensemble_score,risk_level
0,0.8156647,1.0,0.89315367,0.9019609,HIGH
1,0.8112276,1.0,0.89309317,0.9006056,HIGH
2,0.8142168,1.0,0.8926254,0.9013152,HIGH
3,0.8337171,1.0,0.8912209,0.9066036,HIGH
4,0.7882686,1.0,0.8905447,0.8926985,HIGH
5,0.82469016,1.0,0.8915636,0.9040325,HIGH
6,0.8262128,1.0,0.891532,0.90447664,HIGH
7,0.83312804,1.0,0.89150214,0.9065393,HIGH
8,0.82184196,1.0,0.8908532,0.9028939,HIGH
9,0.78911656,1.0,0.8905352,0.8929491,HIGH
10,0.81588787,1.0,0.89133984,0.90130234,HIGH
11,0.82574946,1.0,0.89100075,0.90412515,HIGH
12,0.80745786,1.0,0.89201254,0.8990424,HIGH
13,0.82916576,1.0,0.88984877,0.90468925,HIGH
14,0.8253097,1.0,0.88248855,0.9005884,HIGH
15,0.5646665,0.67996186,0.760136,0.6774429,MEDIUM
16,0.3030045,0.21305382,0.9921331,0.55167073,MEDIUM
17,0.39181042,0.41651955,0.77856725,0.5539259,MEDIUM
18,0.40675735,0.6306982,0.94011265,0.6872817,MEDIUM
19,0.383399,0.4701189,0.7732884,0.5653708,MEDIUM
20,0.43321067,0.57723343,0.7781519,0.61439407,MEDIUM
21,0.33113512,0.3747817,0.7303586,0.5039185,MEDIUM
22,0.49348968,0.45682102,0.988076,0.6803236,MEDIUM
23,0.3276276,0.2438609,0.68728817,0.44636184,LOW
24,0.0035342602,0.013814983,0.030734578,0.017498605,LOW
25,0.33582982,0.513037,0.9925989,0.65169966,MEDIUM
26,0.37049806,0.3763812,0.99323833,0.6213591,MEDIUM
27,0.35008425,0.29130504,0.68760204,0.46745762,LOW
28,0.52294743,0.8450044,0.9941444,0.8080433,HIGH
29,0.07504496,0.12264363,0.59003234,0.2953195,LOW
30,0.2621672,0.32864913,0.7222867,0.46615958,LOW
31,0.017713277,0.007175744,0.44587243,0.18581568,LOW
32,0.32490295,0.239996,0.5754612,0.39965415,LOW
33,0.357962,0.4024197,0.6616357,0.4927688,LOW
34,0.32054403,0.30065256,0.63137686,0.43890974,LOW
35,0.28155664,0.31327528,0.56056756,0.40267658,LOW
36,0.24966995,0.34357464,0.7049069,0.45993614,LOW
37,0.20465314,0.20181032,0.5459169,0.3403058,LOW
38,0.27379212,0.2354779,0.6106414,0.39703757,LOW
39,0.31085056,0.293095,0.6623677,0.44613075,LOW
40,0.30346036,0.10655302,0.5048026,0.32492507,LOW
41,0.0005831662,0.0037619488,0.17062582,0.06955386,LOW
42,0.39777815,0.39475197,0.6130591,0.4829827,LOW
43,0.3114306,0.28897792,0.6840349,0.4537365,LOW
44,0.08868979,2.2832764e-05,0.0048976005,0.028572828,LOW
45,0.5256281,0.50850564,0.72219193,0.5991169,MEDIUM
46,0.0006988708,1.9070158e-05,0.005577552,0.0024464033,LOW
47,0.25483572,0.24397522,0.5621851,0.37451732,LOW
48,0.4563694,0.7429804,0.989986,0.75579935,MEDIUM
49,0.5497713,0.43060538,0.714076,0.57974344,MEDIUM
50,0.2787495,0.2807823,0.6431568,0.4251223,LOW
51,0.24177182,0.31335524,0.592931,0.4037105,LOW
52,0.17995948,0.18487841,0.61259145,0.35448796,LOW
53,0.39309192,0.3160193,0.7059678,0.49512047,LOW
54,0.2598915,0.39418578,0.9905633,0.5924485,MEDIUM
55,0.3787905,0.4149573,0.6610284,0.5025357,MEDIUM
56,0.005023943,0.006794744,0.34375986,0.14104956,LOW
57,0.42860636,0.843458,0.94347364,0.75900877,MEDIUM
58,0.6391143,0.5939077,0.985696,0.764185,MEDIUM
59,0.4528059,0.33701125,0.98973024,0.6328373,MEDIUM
60,0.33534735,0.2737985,0.9923159,0.57967013,MEDIUM
61,0.30160382,0.21731634,0.99207956,0.5525079,MEDIUM
62,0.0003681603,8.636267e-05,0.0049487446,0.0021158548,LOW
63,0.32245612,0.28948897,0.6519768,0.44437426,LOW
64,0.32970837,0.32563424,0.5521203,0.4174509,LOW
65,0.266514,0.24575041,0.68251413,0.426685,LOW
66,0.22693916,0.19848907,0.56872094,0.35511684,LOW
67,0.32195532,0.34205407,0.80653596,0.5218172,MEDIUM
68,0.27430117,0.27496427,0.5949452,0.4027577,LOW
69,0.18165405,0.19066454,0.7512496,0.41219544,LOW
70,0.006979797,0.0014490334,0.02504344,0.012546024,LOW
71,0.3739853,0.38435903,0.70590293,0.50986445,MEDIUM
72,0.25181448,0.24046627,0.57070786,0.37596738,LOW
73,0.47250724,0.4077629,0.7440362,0.5616956,MEDIUM
74,0.3369622,0.45163864,0.7500225,0.53658926,MEDIUM
75,0.4366715,0.47853345,0.6609536,0.53894293,MEDIUM
76,0.29469243,0.82488835,0.93657845,0.7105056,MEDIUM
77,0.39537206,0.5084828,0.8007384,0.5914519,MEDIUM
78,0.2665564,0.33186534,0.6249375,0.42950153,LOW
79,0.17187554,0.07575356,0.55391294,0.2958539,LOW
80,0.68950456,0.56119984,0.98862004,0.7706594,MEDIUM
81,0.41866466,0.3532632,0.9928732,0.6287277,MEDIUM
82,0.15139623,0.031126179,0.43760842,0.2298001,LOW
83,0.32772586,0.3446664,0.7008554,0.48205984,LOW
84,0.37187558,0.34738153,0.747396,0.5147355,MEDIUM
85,0.28429103,0.2819153,0.6484693,0.42924964,LOW
86,0.19473225,0.1554031,0.5398105,0.3209648,LOW
87,0.2460183,0.22558323,0.64221627,0.398367,LOW
88,0.31322694,0.44396177,0.6889129,0.5027218,MEDIUM
89,0.2876688,0.10124611,0.3736018,0.2661152,LOW
90,0.19791521,0.0393142,0.30446604,0.19295524,LOW
91,0.046964448,0.065912925,0.5395336,0.24967666,LOW
92,0.11416738,0.067804046,0.53781724,0.26971832,LOW
93,0.051561024,0.08440221,0.6813269,0.31331974,LOW
94,0.22399774,0.08243305,0.42849398,0.26332682,LOW
95,0.15683733,0.05740704,0.3386352,0.1997274,LOW
96,0.035331357,0.040260542,0.3631136,0.16792302,LOW
97,0.025539799,0.012968775,0.23983338,0.10748593,LOW
98,0.08359586,0.12346533,0.66124225,0.32661524,LOW
99,0.036174417,0.0111173205,0.35488102,0.15613994,LOW
100,0.37777245,0.43150273,0.9156285,0.60903394,MEDIUM
101,0.42180362,0.51667345,0.8598962,0.62550163,MEDIUM
102,0.5083577,0.7662617,0.9801702,0.77445394,MEDIUM
103,0.576176,0.89268357,0.98992,0.8366259,HIGH
104,0.33113766,0.2977194,0.78673834,0.50335246,MEDIUM
105,0.5383741,0.6304454,0.8344307,0.68441814,MEDIUM
106,0.6087803,0.5361192,0.98835236,0.7388108,MEDIUM
107,0.3720555,0.37229675,0.81913227,0.5509586,MEDIUM
108,0.0017166317,0.013533504,0.01822427,0.011864749,LOW
109,0.51746815,0.58678555,0.7959217,0.6496448,MEDIUM
110,0.33771846,0.39226297,0.745715,0.51728046,MEDIUM
111,0.4123479,0.3914175,0.99309915,0.6383693,MEDIUM
112,0.415752,0.4295299,0.7722305,0.5624768,MEDIUM
113,0.30192378,0.27871794,0.99335045,0.5715327,MEDIUM
114,0.2828476,0.26716274,0.7192229,0.4526923,LOW
115,0.62143815,0.8399048,0.9927989,0.8355225,HIGH
116,0.2572235,0.38950068,0.9932417,0.59131396,MEDIUM
117,0.26191714,0.256854,0.99044025,0.55180746,MEDIUM
118,0.55285484,0.5151592,0.8443809,0.65815663,MEDIUM
119,0.26676482,0.36251768,0.7711812,0.49725723,LOW
120,0.4241946,0.5018453,0.7899131,0.5937773,MEDIUM
121,0.37727,0.3819986,0.7533704,0.5291288,MEDIUM
122,0.4266579,0.26375392,0.8270093,0.53792727,MEDIUM
123,0.78073144,0.4747661,0.78302985,0.68986124,MEDIUM
124,0.4454102,0.7496282,0.98627466,0.75302136,MEDIUM
125,0.38401142,0.45181417,0.99020994,0.64683163,MEDIUM
126,0.03136208,0.029154355,0.021364484,0.026700724,LOW
127,0.3449235,0.39409095,0.99163145,0.61835694,MEDIUM
128,0.50405127,0.6392706,0.99489367,0.74095404,MEDIUM
129,0.41531166,0.7573049,0.9176471,0.7188438,MEDIUM
130,0.57309747,0.516303,0.92815346,0.6980815,MEDIUM
131,0.32547155,0.35838664,0.7874762,0.5201479,MEDIUM
132,0.5272821,0.9232202,0.8387203,0.7706388,MEDIUM
133,0.12529112,0.13903518,0.49301183,0.27650264,LOW
134,0.37487084,0.41054916,0.7081906,0.5189023,MEDIUM
135,0.36025164,0.36604714,0.77306664,0.5271163,MEDIUM
136,0.64620715,0.8011411,0.97938424,0.8259582,HIGH
137,0.0008644686,0.004168904,0.19197065,0.07829827,LOW
138,0.6754363,0.46712467,0.9944602,0.7405524,MEDIUM
139,0.44909558,0.3378169,0.69296426,0.5132595,MEDIUM
140,0.3787017,0.44384882,0.99308443,0.643999,MEDIUM
141,0.35599163,0.367584,0.8824644,0.57005847,MEDIUM
142,0.46622026,0.44340608,0.9064719,0.6354767,MEDIUM
143,0.3834212,0.7119915,0.681594,0.60126144,MEDIUM
144,0.4164655,0.740046,0.97368103,0.7364259,MEDIUM
145,0.34869197,0.5448354,0.9931331,0.66531146,MEDIUM
146,0.51835185,0.535754,0.72842234,0.6076007,MEDIUM
147,0.44731006,0.68249804,0.7970837,0.6577759,MEDIUM
148,0.37735492,0.40583447,0.7515984,0.5355962,MEDIUM
149,0.5744293,0.5392794,0.9521217,0.7149613,MEDIUM
150,0.4653021,0.7395246,0.99158245,0.758081,MEDIUM
151,0.51751584,0.8732511,0.98969674,0.8131088,HIGH
152,0.39366376,0.44211486,0.9933697,0.6480815,MEDIUM
153,0.48629904,0.50367486,0.99263775,0.69404733,MEDIUM
154,0.44286054,0.48524326,0.7916862,0.59510565,MEDIUM
155,0.42276585,0.49230516,0.8398755,0.6104715,MEDIUM
156,0.5487998,0.6136564,0.9934642,0.7461226,MEDIUM
157,0.60676247,0.36505255,0.8033884,0.6128999,MEDIUM
158,0.25100046,0.2392691,0.51994437,0.3550586,LOW
159,0.30534697,0.2554777,0.6798368,0.44018212,LOW
160,0.29555967,0.31038028,0.7336167,0.47522867,LOW
161,0.2328799,0.25451726,0.7879467,0.46139786,LOW
162,0.3057261,0.63301986,0.9926165,0.6786704,MEDIUM
163,0.64963377,0.32421786,0.99007165,0.68818414,MEDIUM
164,0.35332447,0.5625471,0.7593642,0.5785072,MEDIUM
165,0.34532833,0.3597329,0.7738197,0.5210463,MEDIUM
166,0.4412017,0.24840297,0.73953813,0.50269663,MEDIUM
167,0.2916171,0.3033882,0.8162677,0.5050087,MEDIUM
168,0.31820175,0.22490379,0.370177,0.31100246,LOW
169,0.52147675,0.5328457,0.93217784,0.68916786,MEDIUM
170,0.44525132,0.42742378,0.67545456,0.5319844,MEDIUM
171,0.339721,0.3089394,0.95211554,0.57544434,MEDIUM
172,0.6032827,0.7084289,0.9930441,0.79073113,MEDIUM
173,0.24188878,0.36511695,0.770154,0.49016333,LOW
174,0.273389,0.28546068,0.7261698,0.45812285,LOW
175,0.46130297,0.73114073,0.9831701,0.7510012,MEDIUM
176,0.4070419,0.0693398,0.6371627,0.39777958,LOW
177,0.6114142,0.2273097,0.99481356,0.6495426,MEDIUM
178,0.29041868,0.31143203,0.7245912,0.47039172,LOW
179,0.49759904,0.33328098,0.89740306,0.6082252,MEDIUM
180,0.3663682,0.55331135,0.9791726,0.6675729,MEDIUM
181,0.0021868048,0.00038202107,0.009760081,0.00467468,LOW
182,0.3399179,0.34861925,0.7749873,0.516556,MEDIUM
183,0.6307676,0.18843293,0.61629015,0.49227622,LOW
184,0.61515164,0.36732048,0.75176436,0.5954474,MEDIUM
185,0.44235387,0.43498728,0.74261653,0.560249,MEDIUM
186,0.32488292,0.44124466,0.8887142,0.5853239,MEDIUM
187,0.42773557,0.34242958,0.77147424,0.53963923,MEDIUM
188,0.36741522,0.48372522,0.9954424,0.6535191,MEDIUM
189,0.54030776,0.6820571,0.9359097,0.74107337,MEDIUM
190,0.37562332,0.34322482,0.6864336,0.49022788,LOW
191,0.4421139,0.65334606,0.7839545,0.6422198,MEDIUM
192,0.4354303,0.34100455,0.73761,0.5279745,MEDIUM
193,0.010068824,0.0029721826,0.27901012,0.11551635,LOW
194,0.33858356,0.2798023,0.7499084,0.48547912,LOW
195,0.42567545,0.3505565,0.6963577,0.5114127,MEDIUM
196,0.3554181,0.34171176,0.77965343,0.5210003,MEDIUM
197,0.21031776,0.17762329,0.6140276,0.36199337,LOW
198,0.39681488,0.29393718,0.9896945,0.6031034,MEDIUM
199,0.35207227,0.5097809,0.99009436,0.6545937,MEDIUM
200,0.43355688,0.28007784,0.65854836,0.4775098,LOW
201,0.55705094,0.54725766,0.8326408,0.6643489,MEDIUM
202,0.5741302,0.3001145,0.81756234,0.58929837,MEDIUM
203,0.36716986,0.44366828,0.99287707,0.6404023,MEDIUM
204,0.391954,0.37481195,0.73507816,0.5240611,MEDIUM
205,0.6316949,0.5192099,0.8757029,0.69555265,MEDIUM
206,0.41128683,0.5415325,0.9913625,0.6823908,MEDIUM
207,0.4334676,0.5608103,0.90202415,0.659093,MEDIUM
208,0.3748764,0.47426787,0.74123764,0.55123836,MEDIUM
209,0.34308067,0.3455142,0.7937614,0.524083,MEDIUM
210,0.6578639,0.37191546,0.9852763,0.70304435,MEDIUM
211,0.069224894,0.0071673305,0.18145984,0.0955016,LOW
212,0.5719244,0.578233,0.8002798,0.66515917,MEDIUM
213,0.43991762,0.8091072,0.75589854,0.6770669,MEDIUM
214,0.49225938,0.6366424,0.8024033,0.65963185,MEDIUM
215,0.4375484,0.4983837,0.92561305,0.6510249,MEDIUM
216,0.65068007,0.40541,0.76808923,0.6240627,MEDIUM
217,0.37503818,0.4965153,0.98037237,0.653615,MEDIUM
218,0.273439,0.22770858,0.7413151,0.44687033,LOW
219,0.31353444,0.44618154,0.9863537,0.6224563,MEDIUM
220,0.3638919,0.36051,0.9357796,0.5916324,MEDIUM
221,0.6348243,0.2365103,0.69358593,0.53883475,MEDIUM
222,0.24037531,0.20786862,0.7769185,0.44524056,LOW
223,0.51255786,0.32102793,0.9863897,0.6446316,MEDIUM
224,0.45934847,0.5002721,0.993729,0.68537784,MEDIUM
225,0.3408544,0.64022654,0.9898024,0.6902453,MEDIUM
226,0.3886354,0.9417024,0.9932634,0.79640675,MEDIUM
227,0.24392681,0.26739317,0.6623766,0.41834664,LOW
228,0.24892819,0.25315094,0.652135,0.41147774,LOW
229,0.38216934,0.62255406,0.97567546,0.6916872,MEDIUM
230,0.26461062,0.27573964,0.9932696,0.55941296,MEDIUM
231,0.20786256,0.1917623,0.6291901,0.37156352,LOW
232,0.29330423,0.24101113,0.61138564,0.40484887,LOW
233,0.4335137,0.3600283,0.7410241,0.5344722,MEDIUM
234,0.2693526,0.31536183,0.56070995,0.39969832,LOW
235,0.31599545,0.28264353,0.6200446,0.42760953,LOW
236,0.086482696,0.19296838,0.6284016,0.33519596,LOW
237,0.20768575,0.2003824,0.5740226,0.3520295,LOW
238,0.17475462,0.17411025,0.5759882,0.33505476,LOW
239,0.39055583,0.42022815,0.6827128,0.51632035,MEDIUM
240,0.4004102,0.28475586,0.7190951,0.49318787,LOW
241,0.20784661,0.20462278,0.5499618,0.34372556,LOW
242,0.37453127,0.39160356,0.6313876,0.4823955,LOW
243,0.3632037,0.3957017,0.7269679,0.5184588,MEDIUM
244,0.3138185,0.27882183,0.6879324,0.45296505,LOW
245,0.21524875,0.16236255,0.5405338,0.32949692,LOW
246,0.35917056,0.33838624,0.66142964,0.47383893,LOW
247,0.4578915,0.42659926,0.7062912,0.5478637,MEDIUM
248,0.37598866,0.5378035,0.81866425,0.6016034,MEDIUM
249,0.30542094,0.25391337,0.99410135,0.5654409,MEDIUM
250,0.39093804,0.43723103,0.75253606,0.5494652,MEDIUM
251,0.3928361,0.39690483,0.80877906,0.5604339,MEDIUM
252,0.60341114,0.37245414,0.98322463,0.68604946,MEDIUM
253,0.14030576,0.2144918,0.6697541,0.3743409,LOW
254,0.37460297,0.44637713,0.9899011,0.6422545,MEDIUM
255,0.34868014,0.28195828,0.7224887,0.478187,LOW
256,0.4435368,0.67241067,0.98862094,0.7302326,MEDIUM
257,0.23238431,0.2779077,0.8697276,0.5009787,MEDIUM
258,0.21530062,0.20476857,0.5781332,0.35727406,LOW
259,0.42185387,0.31833625,0.77853435,0.53347075,MEDIUM
260,0.35238972,0.2845156,0.7004815,0.47126418,LOW
261,0.28815588,0.25528887,0.73333263,0.45636648,LOW
262,0.38847077,0.4329067,0.6698806,0.5143655,MEDIUM
263,0.38335633,0.02435014,0.4770922,0.31314883,LOW
264,0.5095996,0.3720887,0.7804145,0.5766723,MEDIUM
265,0.2088845,0.63108176,0.8507468,0.5922886,MEDIUM
266,0.30703875,0.14937605,0.76814353,0.44418186,LOW
267,0.40881446,0.37813687,0.6304824,0.48827836,LOW
268,0.36373577,0.41656542,0.84248376,0.5710839,MEDIUM
269,0.24240236,0.18802825,0.7641202,0.43477726,LOW
270,0.36147994,0.26612222,0.69761103,0.46732506,LOW
271,0.22945689,0.2020642,0.78781044,0.4445805,LOW
272,0.33858034,0.44507453,0.7122549,0.51999843,MEDIUM
273,0.36061722,0.47177604,0.8423344,0.58665174,MEDIUM
274,0.38520885,0.2740148,0.72449154,0.48756373,LOW
275,0.37882334,0.342818,0.66899323,0.4840897,LOW
276,0.56313497,0.37708196,0.716782,0.5687779,MEDIUM
277,0.41133636,0.37141797,0.763165,0.5400923,MEDIUM
278,0.40651336,0.6808546,0.9943541,0.72395205,MEDIUM
279,0.34534994,0.20655294,0.5482053,0.384853,LOW
280,0.41246587,0.45349652,0.8608028,0.6041099,MEDIUM
281,0.28454325,0.24345692,0.5478331,0.37753332,LOW
282,0.40868962,0.32405117,0.8096885,0.54369766,MEDIUM
283,0.6794649,0.3356441,0.98718137,0.69940525,MEDIUM
284,0.34972525,0.26522487,0.6264528,0.43506616,LOW
285,0.23463398,0.31896004,0.99485683,0.564021,MEDIUM
286,0.42081556,0.27886823,0.62335664,0.45924783,LOW
287,0.54497224,0.5498662,0.66945183,0.5962323,MEDIUM
288,0.19851972,0.01673126,0.21133143,0.14910787,LOW
289,0.36653683,0.29373243,0.63854295,0.45349798,LOW
290,0.24021772,0.21974221,0.55833083,0.36132032,LOW
291,0.040858056,0.05950079,0.3157095,0.15639147,LOW
292,0.4546572,0.4243297,0.75704134,0.5665126,MEDIUM
293,0.41516674,0.29798472,0.49800652,0.41314805,LOW
294,0.35230702,0.36081958,0.69098455,0.49033183,LOW
295,0.39215693,0.42909658,0.6091259,0.4900264,LOW
296,0.28288832,0.22633971,0.9073519,0.51570916,MEDIUM
297,0.32405445,0.27037227,0.62963647,0.43018264,LOW
298,0.38626063,0.24728659,0.59949064,0.42986044,LOW
299,0.4220222,0.46973214,0.63352257,0.5209353,MEDIUM
300,0.4195075,0.4242525,0.9930622,0.6503529,MEDIUM
301,0.328793,0.34051824,0.6546515,0.462654,LOW
302,0.38004628,0.3632644,0.61210287,0.46783435,LOW
303,0.39142027,0.30063894,0.59091675,0.44398448,LOW
304,0.3283438,0.31653363,0.66581917,0.45979092,LOW
305,0.37999868,0.34876618,0.7208412,0.506966,MEDIUM
306,0.23644654,0.21165857,0.5747206,0.3643198,LOW
307,0.23825783,0.17195314,0.53245294,0.3360445,LOW
308,0.49244317,0.27351674,0.75030226,0.5299089,MEDIUM
309,0.35557947,0.4393443,0.7669564,0.5452597,MEDIUM
310,0.4281613,0.32864922,0.99351466,0.624449,MEDIUM
311,0.25028506,0.19606592,0.56342894,0.3592769,LOW
312,0.12831777,0.16884446,0.5200014,0.29714924,LOW
313,0.23369221,0.2073637,0.5630914,0.35755336,LOW
314,0.32101062,0.3007609,0.6470276,0.4453425,LOW
315,0.36265343,0.32095078,0.6182447,0.45237917,LOW
316,0.5850482,0.5020967,0.68600804,0.6005467,MEDIUM
317,0.36090738,0.27129164,0.6028938,0.43081725,LOW
318,0.22010206,0.24219729,0.56908834,0.36632514,LOW
319,0.344665,0.3012903,0.66338265,0.45913965,LOW
320,0.35848287,0.30752915,0.98566204,0.5940684,MEDIUM
321,0.35616356,0.33313835,0.62899715,0.45838946,LOW
322,0.36423036,0.33566472,0.6265032,0.46056983,LOW
323,0.20193845,0.2416562,0.99146783,0.5296655,MEDIUM
324,0.17303985,0.16125281,0.5938845,0.33784163,LOW
325,0.35370183,0.25522426,0.68166953,0.45534566,LOW
326,0.38213345,0.36203572,0.70835394,0.50659233,MEDIUM
327,0.38841105,0.28691494,0.57320803,0.431881,LOW
328,0.23993585,0.20128228,0.60905176,0.37598616,LOW
329,0.22109213,0.19588973,0.57236546,0.35404074,LOW
330,0.025015196,0.012380787,0.43142444,0.18378858,LOW
331,0.5227815,0.718767,0.93189794,0.74522376,MEDIUM
332,0.21396305,0.20001747,0.5411292,0.34064585,LOW
333,0.6399373,0.042682666,0.98754686,0.59980476,MEDIUM
334,0.20221953,0.23934875,0.5278668,0.3436172,LOW
335,0.38434404,0.3246623,0.6706951,0.48097998,LOW
336,0.014157105,0.73716474,0.49286756,0.4225436,LOW
337,0.38983774,0.46392882,0.657203,0.5190112,MEDIUM
338,0.64815545,0.36994225,0.78769857,0.62050873,MEDIUM
339,0.46706754,0.37122807,0.8029284,0.5726601,MEDIUM
340,0.1878091,0.10878365,0.6942489,0.3666774,LOW
341,0.4022329,0.42003173,0.96006924,0.6307071,MEDIUM
342,0.41351497,0.809503,0.78567845,0.6811768,MEDIUM
343,0.3708979,0.24112979,0.5716213,0.41225684,LOW
344,0.3476869,0.25209653,0.63576436,0.4342408,LOW
345,0.03292408,0.025480086,0.5766693,0.24818896,LOW
346,0.38654366,0.30556798,0.6273988,0.458593,LOW
347,0.00072645984,0.0037967418,0.1600672,0.065383844,LOW
348,0.4131809,0.52811265,0.98533845,0.67652345,MEDIUM
349,0.2786152,0.3513092,0.6147688,0.43488485,LOW
350,0.20032167,0.15465628,0.5532087,0.32777688,LOW
351,0.27043265,0.24102055,0.6302792,0.40554762,LOW
352,0.1932414,0.17265898,0.55297935,0.33096188,LOW
353,0.4929723,0.3994006,0.65618205,0.53018475,MEDIUM
354,0.47180384,0.53549755,0.7254621,0.5923753,MEDIUM
355,0.39220318,0.46021634,0.84484357,0.59366333,MEDIUM
356,0.28767264,0.2846481,0.8259417,0.50207293,MEDIUM
357,0.2415554,0.20134388,0.5889238,0.36843932,LOW
358,0.03187901,0.0019762735,0.022361372,0.019101135,LOW
359,0.32194823,0.2868777,0.97164583,0.5713061,MEDIUM
360,0.19474688,0.18752573,0.5926724,0.35175076,LOW
361,0.28922936,0.27164584,0.6311557,0.42072487,LOW
362,0.25373906,0.24243511,0.6041504,0.3905124,LOW
363,0.35452712,0.32996067,0.69147635,0.4819369,LOW
364,0.34227908,0.37323958,0.72544837,0.50483495,MEDIUM
365,0.18933135,0.15881856,0.542363,0.32139018,LOW
366,0.43586072,0.3518841,0.66429156,0.5020401,MEDIUM
367,0.054380115,0.0054329275,0.18996876,0.09393142,LOW
368,0.24433617,0.24040364,0.5703445,0.37355977,LOW
369,0.37378323,0.32830504,0.6087664,0.45413303,LOW
370,0.45742074,0.39608425,0.64102834,0.51246285,MEDIUM
371,0.24138412,0.23354813,0.70449287,0.42427683,LOW
372,0.37708125,0.23026754,0.54816717,0.4014715,LOW
373,0.36480588,0.30970067,0.63656753,0.45697898,LOW
374,0.18607475,0.16413113,0.52397084,0.31465012,LOW
375,0.2865504,0.35077688,0.65436804,0.4529454,LOW
376,0.40647995,0.33029574,0.6282741,0.47234234,LOW
377,0.41020143,0.31397364,0.6195108,0.46505684,LOW
378,0.303918,0.2681029,0.5709739,0.39999583,LOW
379,0.28631946,0.35056973,0.6700669,0.45909354,LOW
380,0.36728233,0.32860282,0.642807,0.46588838,LOW
381,0.3494778,0.32949466,0.5978004,0.4428119,LOW
382,0.2284962,0.32585177,0.6403842,0.42245805,LOW
383,0.26040155,0.19449696,0.8367759,0.4711799,LOW
384,0.49448687,0.3546751,0.99491405,0.65271425,MEDIUM
385,0.37689608,0.2519626,0.79804665,0.5078763,MEDIUM
386,0.26220632,0.36915523,0.6402105,0.44549268,LOW
387,0.37921512,0.44911078,0.7537329,0.54999095,MEDIUM
388,0.7082562,0.41228816,0.9789514,0.72774386,MEDIUM
389,0.28376505,0.2642415,0.9276127,0.53544706,MEDIUM
390,0.44254366,0.3083577,0.6828983,0.49842975,LOW
391,0.3136367,0.30601856,0.62362015,0.43534464,LOW
392,0.3409465,0.4073626,0.6143025,0.47021377,LOW
393,0.07064893,0.10923353,0.51482856,0.25989616,LOW
394,0.26654133,0.24837728,0.5985778,0.3939067,LOW
395,0.44737333,0.6441931,0.9911855,0.7239442,MEDIUM
396,0.32068262,0.2765315,0.6184637,0.42654973,LOW
397,0.27367753,0.2888022,0.57171285,0.39742905,LOW
398,0.37379286,0.52984154,0.71902835,0.55870163,MEDIUM
399,0.5117061,0.51640624,0.76026064,0.612538,MEDIUM
400,0.04663076,0.32246205,0.6331825,0.36400086,LOW
401,0.4165621,0.19830228,0.7334767,0.47785002,LOW
402,0.43280485,0.73403305,0.9961863,0.748526,MEDIUM
403,0.0009609089,0.0050261714,0.1848652,0.07574221,LOW
404,0.20563418,0.06916402,0.38126272,0.23494455,LOW
405,0.37402478,0.7276383,0.9925168,0.7275057,MEDIUM
406,0.32639426,0.28333458,0.7264214,0.47348723,LOW
407,0.3978009,0.36043948,0.70797914,0.51066375,MEDIUM
408,0.29958016,0.2957337,0.79888266,0.49814725,LOW
409,0.21210204,0.21388344,0.59981924,0.36772335,LOW
410,0.3702059,0.496398,0.6842703,0.5336893,MEDIUM
411,0.25988746,0.21855856,0.5711663,0.37200034,LOW
412,0.32610446,0.27762926,0.75940317,0.4848814,LOW
413,0.37494257,0.31505966,0.6832085,0.4802841,LOW
414,0.1877968,0.101503834,0.63460946,0.340634,LOW
415,0.23756666,0.27433354,0.6748924,0.42352706,LOW
416,0.47549465,0.47301453,0.7305643,0.5767785,MEDIUM
417,0.34087956,0.53738314,0.9766576,0.6541419,MEDIUM
418,0.37017414,0.33790258,0.64498967,0.4704189,LOW
419,0.35945964,0.3705884,0.666226,0.48550484,LOW
420,0.35635123,0.40829057,0.7311014,0.5218331,MEDIUM
421,0.31087348,0.31390098,0.59183383,0.4241659,LOW
422,0.35690638,0.42363653,0.69112056,0.5106111,MEDIUM
423,0.30947003,0.26454547,0.7016343,0.4528584,LOW
424,0.48382366,0.41516063,0.6334184,0.52306265,MEDIUM
425,0.42084426,0.37455133,0.6215654,0.48724484,LOW
426,0.2902604,0.3048629,0.5767815,0.4092496,LOW
427,0.5106633,0.5545425,0.91830826,0.686885,MEDIUM
428,0.260944,0.21015981,0.5838412,0.37486762,LOW
429,0.016797323,0.0068689026,0.15653072,0.069712155,LOW
430,0.2607871,0.20816953,0.64371794,0.39817417,LOW
431,0.23007672,0.20961536,0.54661226,0.35055256,LOW
432,0.096592784,0.13873689,0.7579204,0.37376705,LOW
433,0.46137258,0.36417025,0.9943217,0.6453915,MEDIUM
434,0.24042971,0.2555088,0.53948426,0.36457527,LOW
435,0.24786717,0.22659548,0.98786443,0.5374846,MEDIUM
436,0.4390547,0.34043872,0.5352838,0.44796157,LOW
437,0.35584652,0.36587676,0.72107583,0.5049473,MEDIUM
438,0.37753382,0.1450739,0.6208856,0.4051366,LOW
439,0.2755934,0.23392846,0.6156251,0.3991066,LOW
440,0.21909593,0.16657892,0.535566,0.32992887,LOW
441,0.3355859,0.2789854,0.62828994,0.43568736,LOW
442,0.35071284,0.2918075,0.73374814,0.48625538,LOW
443,0.22281498,0.26423886,0.6036447,0.38757405,LOW
444,0.26669458,0.19668983,0.63108975,0.3914512,LOW
445,0.30680883,0.25992092,0.6491079,0.4296621,LOW
446,0.19109851,0.1421048,0.5762035,0.33044243,LOW
447,0.24118944,0.3603722,0.61238486,0.42542243,LOW
448,0.4546467,0.44389862,0.6260449,0.5199816,MEDIUM
449,0.3771247,0.33084998,0.65971285,0.47627756,LOW
450,0.27355555,0.38365054,0.6702951,0.46527988,LOW
451,0.3115446,0.26506832,0.69440305,0.4507451,LOW
452,0.37753224,0.30484304,0.64471835,0.46259993,LOW
453,0.027348278,0.16077036,0.5165818,0.26306832,LOW
454,0.31630743,0.24312653,0.5983688,0.40717775,LOW
455,0.1884123,0.16111946,0.6255077,0.35506263,LOW
456,0.42301127,0.36657512,0.79576474,0.55518186,MEDIUM
457,0.4059443,0.43992427,0.6896454,0.52961874,MEDIUM
458,0.5347826,0.49977437,0.9321269,0.6832179,MEDIUM
459,0.3747153,0.32796213,0.736258,0.5053064,MEDIUM
460,0.0521586,0.004907983,0.20285042,0.09826014,LOW
461,0.2546197,0.21287996,0.7214652,0.428836,LOW
462,0.4166496,0.38151622,0.86012125,0.58349824,MEDIUM
463,0.31943178,0.6059778,0.9852652,0.67172897,MEDIUM
464,0.22637405,0.21941675,0.5647191,0.35962486,LOW
465,0.19349028,0.2591578,0.63841003,0.39115846,LOW
466,0.3632382,0.264084,0.94004226,0.5642136,MEDIUM
467,0.42340252,0.4513244,0.76197135,0.5672066,MEDIUM
468,0.38058743,0.3596708,0.68312466,0.49532735,LOW
469,0.3316664,0.44573364,0.779277,0.5449308,MEDIUM
470,0.3602086,0.37048674,0.6853952,0.49336672,LOW
471,0.39698362,0.30980185,0.6772352,0.48292974,LOW
472,0.08013227,0.29983687,0.68322676,0.38728148,LOW
473,0.29440206,0.25791717,0.738437,0.4610706,LOW
474,0.4497741,0.4080344,0.81294507,0.5825206,MEDIUM
475,0.4980964,0.721301,0.9274699,0.7368072,MEDIUM
476,0.37838614,0.44413808,0.5668259,0.47348765,LOW
477,0.3497228,0.3092266,0.65894985,0.46126476,LOW
478,0.26244667,0.40826142,0.65902203,0.46482125,LOW
479,0.3130562,0.2594353,0.99518114,0.5698199,MEDIUM
480,0.4247256,0.39031124,0.74536264,0.5426561,MEDIUM
481,0.27758962,0.25402406,0.61438966,0.40524,LOW
482,0.5384985,0.46340492,0.9611801,0.6850431,MEDIUM
483,0.34896356,0.40540606,0.7213234,0.51484025,MEDIUM
484,0.41660237,0.38478217,0.76159286,0.5450525,MEDIUM
485,0.20668043,0.25634938,0.979302,0.53062975,MEDIUM
486,0.3456157,0.28901353,0.6216521,0.4390496,LOW
487,0.24418826,0.20978121,0.6618723,0.4009398,LOW
488,0.26317382,0.25389677,0.7657196,0.46140903,LOW
489,0.41969314,0.34453678,0.6276606,0.4803332,LOW
490,0.34907386,0.31080434,0.72613037,0.48841563,LOW
491,0.26013628,0.32717645,0.6422343,0.43308756,LOW
492,0.3838997,0.44280764,0.76430905,0.55373585,MEDIUM
493,0.3345718,0.36810747,0.8036775,0.5322748,MEDIUM
494,0.31410348,0.35780293,0.80410206,0.52321273,MEDIUM
495,0.39037254,0.4439832,0.7647578,0.55620986,MEDIUM
496,0.2505425,0.4147265,0.9923999,0.5965407,MEDIUM
497,0.38485122,0.47464412,0.764114,0.5634942,MEDIUM
498,0.19110458,0.20036435,0.62191397,0.3662063,LOW
499,0.664894,0.77772385,0.9916106,0.8294296,HIGH
500,0.59197044,0.34153256,0.66870517,0.54753304,MEDIUM
501,0.25550094,0.31276712,0.9914186,0.56704783,MEDIUM
502,0.3302535,0.4684449,0.7171783,0.52648085,MEDIUM
503,0.3822181,0.31011745,0.9085559,0.571123,MEDIUM
504,0.043368828,0.0057505765,0.21178399,0.099449426,LOW
505,0.35493675,0.31345084,0.67323,0.46980828,LOW
506,0.38027874,0.3334967,0.76521444,0.52021843,MEDIUM
507,0.32539502,0.27879328,0.6823034,0.4541779,LOW
508,0.23091567,0.2375469,0.71288633,0.42569333,LOW
509,0.27521917,0.2703024,0.88071567,0.51594275,MEDIUM
510,0.2416567,0.22282445,0.6115988,0.38398388,LOW
511,0.3353687,0.010209556,0.12789838,0.15483284,LOW
512,0.3477581,0.3255896,0.7067594,0.48470807,LOW
513,0.51882213,0.50148267,0.81341386,0.631457,MEDIUM
514,0.33788395,0.35153615,0.6614784,0.4714174,LOW
515,0.47913745,0.27840164,0.67578226,0.49757463,LOW
516,0.19602242,0.29942304,0.67520124,0.41871417,LOW
517,0.41362754,0.28135177,0.7159038,0.49485534,LOW
518,0.6178169,0.50185245,0.97108793,0.724336,MEDIUM
519,0.25528327,0.3607999,0.66358083,0.4502573,LOW
520,0.38286287,0.32037672,0.77296066,0.52015615,MEDIUM
521,0.26128864,0.24948871,0.6237415,0.4027298,LOW
522,0.36752853,0.2569042,0.7256663,0.47759634,LOW
523,0.38014913,0.4553787,0.92915034,0.6223185,MEDIUM
524,0.37276977,0.27699006,0.5990806,0.4345602,LOW
525,0.3892001,0.38377583,0.7044622,0.51367766,MEDIUM
526,0.38607863,0.38210124,0.6925685,0.50748134,MEDIUM
527,0.31291154,0.28782475,0.6736006,0.44966117,LOW
528,0.3156543,0.42947456,0.7195037,0.51134014,MEDIUM
529,0.46417937,0.3242799,0.85058576,0.5767721,MEDIUM
530,0.19784227,0.2954565,0.69366276,0.42545474,LOW
531,0.3394199,0.30074754,0.6667309,0.45874262,LOW
532,0.5199944,0.28387412,0.75768876,0.54423606,MEDIUM
533,0.22039238,0.19735178,0.5728342,0.35445693,LOW
534,0.23323193,0.20774972,0.67408234,0.40192744,LOW
535,0.26802573,0.26660866,0.63068867,0.41266578,LOW
536,0.2791241,0.27486092,0.65656143,0.4288201,LOW
537,0.3594613,0.35030872,0.757352,0.5158718,MEDIUM
538,0.2580795,0.5425523,0.77015793,0.5482527,MEDIUM
539,0.2614952,0.24607453,0.6774204,0.4232391,LOW
540,0.12639354,0.0107249385,0.17296952,0.110323355,LOW
541,0.16449015,0.4816452,0.84871626,0.5333271,MEDIUM
542,0.37175617,0.2616985,0.71857285,0.47746557,LOW
543,0.28092438,0.28445983,0.6128651,0.4147613,LOW
544,0.13741998,0.016391827,0.098664254,0.08560924,LOW
545,0.37597314,0.36810803,0.6525731,0.48425362,LOW
546,0.36428407,0.30355614,0.65599746,0.46275106,LOW
547,0.15722229,0.11841541,0.53641516,0.29725736,LOW
548,0.3674902,0.36170247,0.692835,0.4958918,LOW
549,0.39247432,0.30980957,0.63204616,0.46350363,LOW
550,0.3829436,0.45219344,0.8247953,0.58045924,MEDIUM
551,0.13931322,0.51719576,0.9075829,0.5599859,MEDIUM
552,0.45601305,0.28255382,0.65435106,0.4833105,LOW
553,0.254214,0.25837532,0.77760446,0.4648186,LOW
554,0.19976114,0.19793889,0.6478084,0.37843335,LOW
555,0.3637568,0.41927016,0.7452886,0.5330236,MEDIUM
556,0.05407095,0.054992966,0.45926464,0.21642503,LOW
557,0.46275425,0.40477738,0.75331646,0.56158614,MEDIUM
558,0.43633515,0.40730327,0.8302541,0.58519316,MEDIUM
559,0.59477633,0.40136456,0.9943968,0.69660103,MEDIUM
560,0.25648853,0.24183054,0.6736511,0.41895616,LOW
561,0.3392554,0.35877877,0.753449,0.5107899,MEDIUM
562,0.3304541,0.2826703,0.6809686,0.4563248,LOW
563,0.047038212,0.0012245686,0.060972817,0.03886796,LOW
564,0.242703,0.20132111,0.74671954,0.43189505,LOW
565,0.41586602,0.30239904,0.6649197,0.4814474,LOW
566,0.32357472,0.285186,0.6259968,0.43302694,LOW
567,0.21935067,0.16279872,0.6310612,0.3670693,LOW
568,0.25227603,0.23337172,0.7622568,0.45059705,LOW
569,0.26460692,0.35561815,0.6249212,0.436036,LOW
570,0.33834407,0.34145272,0.82062584,0.53218937,MEDIUM
571,0.26402152,0.23150183,0.9945312,0.5464695,MEDIUM
572,0.25517416,0.2043247,0.9866588,0.5325132,MEDIUM
573,0.602645,0.32697463,0.7232484,0.56818527,MEDIUM
574,0.28371364,0.24753083,0.69746715,0.4383602,LOW
575,0.36121967,0.3541638,0.992078,0.61144626,MEDIUM
576,0.41520602,0.41637942,0.7595236,0.55328506,MEDIUM
577,0.37932616,0.51109403,0.79861414,0.5865717,MEDIUM
578,0.47592616,0.5379895,0.9890498,0.69979465,MEDIUM
579,0.23878928,0.20924766,0.5976605,0.3734753,LOW
580,0.2808834,0.21667519,0.75931436,0.45299333,LOW
581,0.344527,0.26907888,0.7269135,0.47484717,LOW
582,0.37104988,0.4110366,0.7811163,0.5470725,MEDIUM
583,0.3698782,0.48926654,0.98388624,0.6512979,MEDIUM
584,0.529268,0.28364637,0.7309079,0.5362375,MEDIUM
585,0.5240301,0.57256895,0.9638448,0.71451765,MEDIUM
586,0.23941715,0.21776642,0.63363266,0.39060816,LOW
587,0.34770557,0.28624818,0.98585397,0.58452773,MEDIUM
588,0.11705363,0.020798672,0.4264939,0.21195325,LOW
589,0.29741615,0.26356092,0.6009904,0.4086893,LOW
590,0.34101996,0.31258568,0.64618963,0.45455757,LOW
591,0.26173696,0.24674083,0.99132794,0.54907453,MEDIUM
592,0.3538116,0.22415216,0.7296047,0.46523103,LOW
593,0.35341042,0.4359136,0.81084794,0.56113636,MEDIUM
594,0.32786492,0.39736298,0.6911013,0.4940089,LOW
595,0.23587613,0.2508406,0.9926258,0.5430653,MEDIUM
596,0.2424794,0.20168741,0.98568153,0.5275227,MEDIUM
597,0.33972922,0.25484222,0.9642606,0.5640757,MEDIUM
598,0.33133116,0.41789082,0.9945168,0.6225734,MEDIUM
599,0.36394578,0.3209115,0.7192087,0.49314067,LOW
600,0.4203204,0.17743072,0.9938066,0.57684803,MEDIUM
601,0.026010565,0.019959336,0.06678558,0.040505204,LOW
602,0.33483562,0.25154027,0.79929584,0.4956311,LOW
603,0.34880623,0.40135384,0.9940183,0.6226554,MEDIUM
604,0.39083713,0.40425375,0.98887104,0.6340757,MEDIUM
605,0.20523946,0.20550759,0.5649816,0.34921676,LOW
606,0.24493968,0.2342176,0.61711246,0.3905922,LOW
607,0.20724447,0.10977687,0.5726936,0.32418385,LOW
608,0.42237872,0.41934326,0.9596417,0.6363733,MEDIUM
609,0.5718093,0.36831847,0.79406905,0.599666,MEDIUM
610,0.5125228,0.2652296,0.9228812,0.60247827,MEDIUM
611,0.23426631,0.23715433,0.9880195,0.536634,MEDIUM
612,0.3754357,0.47511116,0.98661125,0.6498085,MEDIUM
613,0.18942544,0.17701721,0.6451208,0.36798114,LOW
614,0.38894758,0.30311194,0.7498652,0.50756395,MEDIUM
615,0.48306382,0.5811264,0.9926484,0.71631646,MEDIUM
616,0.65919465,0.40521184,0.99285394,0.71646357,MEDIUM
617,0.2791915,0.1852886,0.6823808,0.41229635,LOW
618,0.35912117,0.79850984,0.9822597,0.74019325,MEDIUM
619,0.25247097,0.25760585,0.5817128,0.38570815,LOW
620,0.27153516,0.21359316,0.67828906,0.41685414,LOW
621,0.23275147,0.26840222,0.60113,0.39079812,LOW
622,0.5384054,0.90055543,0.89989907,0.7916479,MEDIUM
623,0.60527927,0.4272561,0.9853184,0.703888,MEDIUM
624,0.36429465,0.33117217,0.9606684,0.5929074,MEDIUM
625,0.369906,0.45153928,0.65809214,0.50967044,MEDIUM
626,0.32628927,0.2943552,0.8955267,0.54440403,MEDIUM
627,0.10965059,0.016654205,0.53759384,0.25292897,LOW
628,0.37756965,0.23964986,0.72217065,0.47403413,LOW
629,0.3161229,0.32545775,0.6292018,0.44415492,LOW
630,0.53502476,0.31100023,0.8054296,0.57597935,MEDIUM
631,0.33862358,0.24949047,0.6202779,0.42454538,LOW
632,0.32463267,0.26535755,0.576367,0.4075439,LOW
633,0.2269548,0.2195179,0.636856,0.38868424,LOW
634,0.45943525,0.20844989,0.9693494,0.5881053,MEDIUM
635,0.4889601,0.64802986,0.8306363,0.6733515,MEDIUM
636,0.33465108,0.28645793,0.64048624,0.4425272,LOW
637,0.051484708,0.01766479,0.44047645,0.19693543,LOW
638,0.241282,0.23126228,0.92273927,0.510859,MEDIUM
639,0.24070974,0.28252858,0.57194287,0.38574868,LOW
640,0.41748044,0.37033966,0.60237765,0.4772971,LOW
641,0.24064803,0.3425202,0.6869859,0.44974485,LOW
642,0.311478,0.40382764,0.6561495,0.4770515,LOW
643,0.20429313,0.357258,0.610912,0.41283017,LOW
644,0.35762286,0.30783916,0.6871416,0.47449526,LOW
645,0.1888847,0.28523207,0.9950741,0.5402647,MEDIUM
646,0.3312402,0.18640165,0.59240574,0.3922549,LOW
647,0.2829455,0.25211865,0.68252313,0.43352854,LOW
648,0.352085,0.2850648,0.65473926,0.45304066,LOW
649,0.23668124,0.24845915,0.99315464,0.542804,MEDIUM
650,0.33054256,0.31370535,0.65107554,0.4537046,LOW
651,0.23367746,0.2383365,0.7245217,0.43141288,LOW
652,0.30417737,0.3740062,0.68510616,0.47749755,LOW
653,0.43835503,0.27495545,0.6592809,0.47770554,LOW
654,0.2370271,0.21721004,0.7208397,0.42460704,LOW
655,0.27332613,0.29438362,0.9918566,0.5670556,MEDIUM
656,0.27953774,0.19943227,0.5960241,0.38210064,LOW
657,0.24398051,0.20543472,0.58010155,0.36686522,LOW
658,0.38311315,0.3423097,0.98027027,0.609735,MEDIUM
659,0.301515,0.37411562,0.64417404,0.46035883,LOW
660,0.2059143,0.20176366,0.53514695,0.33636218,LOW
661,0.24206568,0.200456,0.5802717,0.36486518,LOW
662,0.2622811,0.2200625,0.6133972,0.39006197,LOW
663,0.32598478,0.3358367,0.6157533,0.44484776,LOW
664,0.34927636,0.34832922,0.7350486,0.50330114,MEDIUM
665,0.39640543,0.327262,0.6736301,0.4865523,LOW
666,0.22858284,0.21569343,0.65307736,0.39451385,LOW
667,0.29509783,0.25012383,0.7291834,0.45523986,LOW
668,0.3614969,0.37604725,0.73588234,0.5156162,MEDIUM
669,0.2592106,0.2613543,0.6134492,0.40154916,LOW
670,0.33178598,0.25617853,0.65167326,0.4370587,LOW
671,0.20274346,0.32373515,0.6078167,0.40107024,LOW
672,0.43122625,0.36306572,0.72247535,0.5272777,MEDIUM
673,0.2981398,0.30371007,0.6390367,0.43616968,LOW
674,0.33588004,0.30469555,0.67738134,0.46312523,LOW
675,0.032160334,0.00054516725,0.009175352,0.013481792,LOW
676,0.56030154,0.47682008,0.76561403,0.6173821,MEDIUM
677,0.18335699,0.33496773,0.664037,0.42111224,LOW
678,0.21699718,0.1954949,0.55930036,0.34746778,LOW
679,0.35545653,0.35236564,0.7124471,0.49732548,LOW
680,0.32011673,0.36309713,0.7399469,0.50094295,MEDIUM
681,0.2311876,0.24814902,0.99418324,0.54147434,MEDIUM
682,0.43074486,0.340453,0.9853828,0.6255125,MEDIUM
683,0.20994462,0.19550887,0.99265057,0.5186963,MEDIUM
684,0.23617761,0.21720192,0.5774427,0.36699095,LOW
685,0.19320701,0.2128364,0.59821224,0.36109793,LOW
686,0.51430315,0.5116853,0.68685687,0.5825393,MEDIUM
687,0.42164496,0.3564195,0.9724668,0.6224061,MEDIUM
688,0.46988547,0.36704475,0.72976077,0.5429834,MEDIUM
689,0.22385821,0.18043843,0.52302474,0.3304989,LOW
690,0.20821401,0.2570077,0.6715552,0.4081886,LOW
691,0.18368003,0.21324223,0.5865727,0.35370576,LOW
692,0.36677235,0.4357647,0.7637369,0.5462559,MEDIUM
693,0.42657667,0.44901866,0.78051,0.5748826,MEDIUM
694,0.30833966,0.45429617,0.6583848,0.49214467,LOW
695,0.17404474,0.10487762,0.65179753,0.34439576,LOW
696,0.31454682,0.3093142,0.5887211,0.42264676,LOW
697,0.32591683,0.3177452,0.6809136,0.46546406,LOW
698,0.8187011,0.35945424,0.86286926,0.69859433,MEDIUM
699,0.31549466,0.2298002,0.64912647,0.42323905,LOW
700,0.3491848,0.23605534,0.9874374,0.57054704,MEDIUM
701,0.690532,0.3191566,0.7212324,0.59139955,MEDIUM
702,0.31636244,0.26632974,0.55732185,0.39773643,LOW
703,0.4835805,0.42830697,0.98295873,0.6667497,MEDIUM
704,0.39085448,0.22713962,0.5911463,0.42185676,LOW
705,0.45426598,0.29169878,0.833708,0.5572727,MEDIUM
706,0.36842656,0.269935,0.70459473,0.47334638,LOW
707,0.2433834,0.24615511,0.5712694,0.3753693,LOW
708,0.24143119,0.24991247,0.62036765,0.39555016,LOW
709,0.21784261,0.13901323,0.55069155,0.3273334,LOW
710,0.37614888,0.3359598,0.6391181,0.46927986,LOW
711,0.0020671624,6.0956336e-05,0.005256335,0.0027409696,LOW
712,0.37675232,0.3020382,0.93336856,0.5769846,MEDIUM
713,0.19788073,0.2089309,0.6212756,0.37055373,LOW
714,0.34817028,0.539932,0.79646605,0.58501714,MEDIUM
715,0.36211073,0.34392652,0.6969129,0.49057636,LOW
716,0.00058925484,0.00570581,0.17208774,0.07072362,LOW
717,0.8262307,0.43254334,0.9908264,0.7739628,MEDIUM
718,0.25478747,0.25025254,0.62911946,0.4031598,LOW
719,0.498609,0.11419416,0.34590203,0.3222018,LOW
720,0.035961147,0.050676636,0.44477057,0.20389956,LOW
721,0.37749204,0.41934696,0.98898697,0.63464653,MEDIUM
722,0.11014157,0.020112721,0.29706073,0.15790059,LOW
723,0.30644506,0.2976772,0.7419953,0.4780348,LOW
724,0.25728413,0.20882107,0.7352938,0.4339491,LOW
725,0.23348573,0.026741147,0.562655,0.30313006,LOW
726,0.51521075,0.39678478,0.54208153,0.4904313,LOW
727,0.22192639,0.31972006,0.69159013,0.43913,LOW
728,0.49677128,0.39738762,0.74135554,0.5647899,MEDIUM
729,0.22122225,0.22463492,0.9947261,0.5316476,MEDIUM
730,0.23606876,0.2118484,0.5842104,0.36805934,LOW
731,0.4081364,0.37901214,0.9929744,0.63333434,MEDIUM
732,0.27875268,0.30404186,0.6107825,0.41915137,LOW
733,0.37133667,0.37647706,0.65817463,0.487614,LOW
734,0.122960046,0.30392265,0.31060162,0.25230545,LOW
735,0.27680707,0.24124876,0.7263628,0.4459619,LOW
736,0.42119944,0.4361444,0.7486757,0.5566734,MEDIUM
737,0.20747569,0.37658498,0.76961565,0.48306447,LOW
738,0.4375706,0.26113766,0.73033625,0.501747,MEDIUM
739,0.3776077,0.61942136,0.9907477,0.69540787,MEDIUM
740,0.4229762,0.3087419,0.60128725,0.46003035,LOW
741,0.34098375,0.37125632,0.83066535,0.5459382,MEDIUM
742,0.3515225,0.3405264,0.80845463,0.53099656,MEDIUM
743,0.38209936,0.2935216,0.59148365,0.4392798,LOW
744,0.38341725,0.3059876,0.72987866,0.49877292,LOW
745,0.26645672,0.22705303,0.64310575,0.40529522,LOW
746,0.3701646,0.4185948,0.8054716,0.5588165,MEDIUM
747,0.3552463,0.33832192,0.99260944,0.6051143,MEDIUM
748,0.24336863,0.21096233,0.6243355,0.3860335,LOW
749,0.3782803,0.2876598,0.99249965,0.5967819,MEDIUM
750,0.22135016,0.35433778,0.66100997,0.4371104,LOW
751,0.46927932,0.30123964,0.8205849,0.55938965,MEDIUM
752,0.28713274,0.23252647,0.6303201,0.4080258,LOW
753,0.18653725,0.09000645,0.5978178,0.3220902,LOW
754,0.3953375,0.50693876,0.6826417,0.54373956,MEDIUM
755,0.22757235,0.2596548,0.60463315,0.3880214,LOW
756,0.002213241,0.012047955,0.018675134,0.011748413,LOW
757,0.35268143,0.31818536,0.7833644,0.5146058,MEDIUM
758,0.21457274,0.21181332,0.6459694,0.3863036,LOW
759,0.2534374,0.23277326,0.9550744,0.52789295,MEDIUM
760,0.54212487,0.099270284,0.9954574,0.5906015,MEDIUM
761,0.00074667693,0.0045767785,0.19461253,0.079442054,LOW
762,0.22266056,0.20451409,0.61370987,0.37363636,LOW
763,0.4151609,0.4226039,0.6631748,0.5165994,MEDIUM
764,0.48503587,0.60117275,0.99419785,0.72354174,MEDIUM
765,0.39599562,0.20214666,0.9934529,0.57682383,MEDIUM
766,0.44249314,0.24157542,0.6192812,0.45293307,LOW
767,0.24692403,0.22199729,0.5591548,0.36433834,LOW
768,0.3899514,0.31697574,0.76754975,0.51909804,MEDIUM
769,0.34241888,0.3039117,0.8266787,0.5245707,MEDIUM
770,0.26365793,0.31988683,0.66385305,0.44060466,LOW
771,0.3811917,0.49771175,0.75204295,0.56448823,MEDIUM
772,0.6239239,0.33471745,0.61704385,0.53440994,MEDIUM
773,0.26024354,0.31342632,0.6079743,0.41529068,LOW
774,0.25337073,0.21720728,0.6500861,0.40120786,LOW
775,0.5885768,0.5159039,0.9697437,0.71924174,MEDIUM
776,0.22542262,0.18983972,0.8068475,0.44731772,LOW
777,0.35600096,0.3545154,0.65487874,0.47510642,LOW
778,0.31518146,0.3473017,0.64771384,0.4578305,LOW
779,0.4660746,0.31107056,0.7540791,0.5347752,MEDIUM
780,0.36881432,0.29225144,0.7912066,0.51480234,MEDIUM
781,0.37029657,0.35426307,0.67908186,0.48900068,LOW
782,0.25608617,0.22763689,0.610457,0.38929975,LOW
783,0.36714727,0.5059021,0.8113831,0.5864681,MEDIUM
784,0.38233906,0.38810095,0.7944081,0.54889524,MEDIUM
785,0.08793419,0.015649142,0.2716621,0.13973984,LOW
786,0.23063588,0.3980623,0.66072667,0.4529001,LOW
787,0.28775176,0.22626302,0.63245076,0.40718478,LOW
788,0.041740768,0.0054266574,0.2930306,0.13136247,LOW
789,0.050811246,0.005384575,0.19366257,0.09432378,LOW
790,0.24623616,0.23600149,0.60164547,0.38532948,LOW
791,0.41137436,0.32250023,0.9833825,0.6135154,MEDIUM
792,0.4544606,0.4583764,0.9778537,0.6649926,MEDIUM
793,0.22298813,0.22528099,0.5350495,0.34850055,LOW
794,0.32382417,0.24460231,0.9914756,0.56711817,MEDIUM
795,0.51292974,0.46354648,0.7935741,0.61037254,MEDIUM
796,0.6216851,0.9084495,0.9726606,0.8481046,HIGH
797,0.49294183,0.9694299,0.99384093,0.8362479,HIGH
798,0.50579935,0.43455356,0.99131376,0.67863137,MEDIUM
799,0.78901607,0.35928524,0.99434245,0.74222744,MEDIUM
800,0.2861749,0.26706198,0.5824572,0.39895394,LOW
801,0.74977523,0.36948413,0.99084455,0.7321156,MEDIUM
802,0.417862,0.8580476,0.98835003,0.7781129,MEDIUM
803,0.35882875,0.31583607,0.66316086,0.46766382,LOW
804,0.4484043,0.30588812,0.9922998,0.6232077,MEDIUM
805,0.28960246,0.20704788,0.9745256,0.53880537,MEDIUM
806,0.40856713,0.45241097,0.9773244,0.6492232,MEDIUM
807,0.5973465,0.1902932,0.7954187,0.5544594,MEDIUM
808,0.2619268,0.2723288,0.99532014,0.55840474,MEDIUM
809,0.42803335,0.37325722,0.713824,0.52591676,MEDIUM
810,0.16193837,0.37271848,0.7231304,0.4496492,LOW
811,0.56511974,0.46980065,0.9817691,0.70318377,MEDIUM
812,0.4398334,0.36464268,0.76759374,0.5483803,MEDIUM
813,0.39636654,0.3704196,0.7414016,0.5265965,MEDIUM
814,0.55285263,0.5644967,0.76960796,0.643048,MEDIUM
815,0.33824295,0.25692675,0.74800664,0.47775358,LOW
816,0.73436624,0.3311758,0.9911083,0.71610594,MEDIUM
817,0.49418065,0.57373613,0.68429005,0.59409106,MEDIUM
818,0.24933285,0.26873288,0.99330807,0.55274296,MEDIUM
819,0.19429334,0.20344274,0.6715595,0.38794464,LOW
820,0.21743326,0.20775828,0.9919559,0.52433985,MEDIUM
821,0.33054033,0.4421185,0.69884133,0.5113342,MEDIUM
822,0.23483929,0.21329248,0.5435592,0.3518632,LOW
823,0.05929638,0.019852018,0.030012056,0.035749342,LOW
824,0.5884047,0.5159506,0.93219084,0.704183,MEDIUM
825,0.5426485,0.23929039,0.67940915,0.50634533,MEDIUM
826,0.38346568,0.58955616,0.9951768,0.6899773,MEDIUM
827,0.33179772,0.3083401,0.77566934,0.5023091,MEDIUM
828,0.2772879,0.25348896,0.70012426,0.43928277,LOW
829,0.36095023,0.65603334,0.99401337,0.70270044,MEDIUM
830,0.3542535,0.29039595,0.70032126,0.47352335,LOW
831,0.24926811,0.24670443,0.62766075,0.39985606,LOW
832,0.73187643,0.2584652,0.9931765,0.69437313,MEDIUM
833,0.5531718,0.5304063,0.9903632,0.7212187,MEDIUM
834,0.30341595,0.15272984,0.7429801,0.4340358,LOW
835,0.49705964,0.4754136,0.85976547,0.63564813,MEDIUM
836,0.3253442,0.25157103,0.6795751,0.44490463,LOW
837,0.3271393,0.38312343,0.9924793,0.6100706,MEDIUM
838,0.24094552,0.34519458,0.71961707,0.46368885,LOW
839,0.00074667693,0.004680565,0.21424066,0.08732444,LOW
840,0.42606694,0.5258054,0.78729045,0.60047793,MEDIUM
841,0.26734555,0.24490215,0.5919627,0.3904594,LOW
842,0.20724262,0.35417417,0.78136027,0.48096913,LOW
843,0.4760958,0.42191356,0.9878627,0.6645479,MEDIUM
844,0.53791285,0.6261535,0.9927827,0.746333,MEDIUM
845,0.6348074,0.9354855,0.98620945,0.8655717,HIGH
846,0.22002158,0.21313015,0.6096708,0.37381387,LOW
847,0.43734077,0.34439686,0.78038615,0.5466758,MEDIUM
848,0.2394884,0.21526207,0.6446945,0.39430293,LOW
849,0.1438308,0.35738006,0.6314743,0.402953,LOW
850,0.43021238,0.45951772,0.71650153,0.55351967,MEDIUM
851,0.42383745,0.3481057,0.9545942,0.6134206,MEDIUM
852,0.2251455,0.38663813,0.67644525,0.45411322,LOW
853,0.22964585,0.28101337,0.9935915,0.5506344,MEDIUM
854,0.31152666,0.5227962,0.99206585,0.6471232,MEDIUM
855,0.35003155,0.25707376,0.6976259,0.46118194,LOW
856,0.5356252,0.47494087,0.99253607,0.7001843,MEDIUM
857,0.34268388,0.31729487,0.732719,0.49108124,LOW
858,0.196463,0.14853409,0.16267918,0.1685708,LOW
859,0.29654825,0.25052366,0.61492974,0.4100935,LOW
860,0.3559463,0.27185777,0.6904798,0.46453315,LOW
861,0.12982543,0.33566195,0.6298989,0.3916058,LOW
862,0.33520132,0.37019584,0.8170821,0.538452,MEDIUM
863,0.45584518,0.370784,0.66856337,0.5154141,MEDIUM
864,0.41040754,0.3485613,0.74505424,0.5257124,MEDIUM
865,0.36616254,0.38041195,0.73550934,0.5181761,MEDIUM
866,0.33855817,0.40393615,0.84141856,0.55931574,MEDIUM
867,0.32137206,0.3231403,0.71540016,0.4795138,LOW
868,0.32482195,0.26946324,0.6514508,0.4388659,LOW
869,0.20953287,0.23655474,0.52841777,0.3451934,LOW
870,0.66001785,0.43271074,0.99216074,0.72468287,MEDIUM
871,0.43914345,0.28578034,0.6949888,0.49547267,LOW
872,0.34972125,0.31445304,0.9935727,0.59668136,MEDIUM
873,0.30006787,0.2451929,0.7005935,0.44381565,LOW
874,0.09288156,0.02350027,0.33971104,0.17079897,LOW
875,0.40249062,0.27549356,0.74419355,0.50107265,MEDIUM
876,0.23058572,0.22293979,0.6080074,0.3792606,LOW
877,0.39906293,0.4222137,0.7866524,0.561044,MEDIUM
878,0.46556646,0.48815814,0.688889,0.561673,MEDIUM
879,0.21463305,0.25584146,0.5763938,0.37169987,LOW
880,0.23522307,0.17826101,0.6381716,0.3793139,LOW
881,0.3908885,0.1430335,0.43414506,0.33383465,LOW
882,0.10366581,0.039183818,0.4494254,0.22262505,LOW
883,0.33093426,0.3173311,0.6848556,0.46842185,LOW
884,0.20736644,0.19704573,0.91805357,0.48854512,LOW
885,0.5450876,0.92092234,0.99479574,0.83772135,HIGH
886,0.0006117323,0.016705949,0.22108912,0.093630955,LOW
887,0.3559463,0.24247615,0.9141893,0.5452025,MEDIUM
888,0.22855292,0.23463815,0.7625736,0.44398677,LOW
889,0.30518138,0.40161353,0.91817147,0.5793071,MEDIUM
890,0.43584338,0.5012878,0.9942468,0.67883813,MEDIUM
891,0.2891275,0.099931344,0.28469655,0.23059627,LOW
892,0.19418465,0.21070261,0.7416166,0.41811284,LOW
893,0.42624283,0.35285786,0.7226056,0.52277243,MEDIUM
894,0.079123765,0.054173533,0.48400187,0.23358995,LOW
895,0.34127137,0.34428385,0.9460642,0.58409226,MEDIUM
896,0.24638271,0.07029428,0.6467253,0.35369322,LOW
897,0.28629476,0.2786342,0.69822687,0.44876945,LOW
898,0.4217703,0.3299035,0.9861773,0.61997306,MEDIUM
899,0.23835465,0.3050928,0.6045922,0.40487114,LOW
900,0.26374778,0.23838273,0.5852358,0.38473347,LOW
901,0.3551029,0.26528564,0.7779097,0.49728045,LOW
902,0.33559763,0.32977745,0.62696373,0.45039803,LOW
903,0.2579741,0.2523156,0.6306183,0.40533423,LOW
904,0.123481035,0.16733655,0.6893802,0.36299738,LOW
905,0.20939073,0.09532622,0.52384686,0.30095384,LOW
906,0.27463478,0.09590355,0.43291938,0.28432924,LOW
907,0.19572975,0.045897126,0.3206951,0.20076612,LOW
908,0.22534533,0.11125949,0.3885279,0.25639263,LOW
909,0.18623053,0.08768358,0.91712314,0.44902351,LOW
910,0.19394216,0.19182901,0.6022022,0.35661224,LOW
911,0.19462074,0.09861221,0.5617963,0.3126884,LOW
912,0.18802845,0.09278438,0.44599807,0.2626431,LOW
913,0.28917542,0.10637316,0.4754789,0.30885613,LOW
914,0.29890376,0.11182528,0.3819719,0.27600747,LOW
915,0.27923298,0.09015767,0.46531016,0.29694128,LOW
916,0.16002102,0.08355075,0.32425243,0.2027725,LOW
917,0.06552272,0.0048478106,0.5034303,0.22248329,LOW
918,0.18665798,0.27917945,0.6277413,0.39084774,LOW
919,0.31719816,0.2662509,0.5928436,0.41217217,LOW
920,0.2418117,0.08542814,0.36618763,0.24464701,LOW
921,0.23772117,0.076366425,0.37144762,0.24280533,LOW
922,0.2057918,0.08285019,0.42944524,0.2583707,LOW
923,0.31780773,0.10289311,0.5451869,0.344285,LOW
924,0.1360289,0.06536709,0.37772945,0.21151058,LOW
925,0.02377435,0.034142215,0.05183526,0.038109075,LOW
926,0.28041735,0.091296874,0.32668918,0.24218994,LOW
927,0.5465754,0.12267833,0.67509276,0.47081324,LOW
928,0.32148683,0.17217733,0.52571183,0.358384,LOW
929,0.1896077,0.05498772,0.40253904,0.23439425,LOW
930,0.17546417,0.26634884,0.6325243,0.38555366,LOW
931,0.17243691,0.037987825,0.32143274,0.19170052,LOW
932,0.42916703,0.105958626,0.6147867,0.4064524,LOW
933,0.29953235,0.19094566,0.57008886,0.37517896,LOW
934,0.6886347,0.03703742,0.5027745,0.41881144,LOW
935,0.29057494,0.20437859,0.5364497,0.36306593,LOW
936,0.22586928,0.33265206,0.70665646,0.450219,LOW
937,0.027984638,0.050332133,0.51300967,0.22869891,LOW
938,0.17804357,0.07225283,0.4665135,0.26169434,LOW
939,0.24780633,0.111723885,0.44973662,0.28775373,LOW
940,0.20132604,0.06572232,0.40785855,0.24325794,LOW
941,0.20160653,0.083452776,0.39061752,0.2417648,LOW
942,0.18430191,0.16484651,0.48291185,0.2979093,LOW
943,0.36623773,0.293741,0.595057,0.43601644,LOW
944,0.23973122,0.15597983,0.6144706,0.36450157,LOW
945,0.23982635,0.06058924,0.40153188,0.25073743,LOW
946,0.17891687,0.030359069,0.31242374,0.18775228,LOW
947,0.1471697,0.064025216,0.41793704,0.2305333,LOW
948,0.5535135,0.10462449,0.59614694,0.4359002,LOW
949,0.3554366,0.1809137,0.58829266,0.39622217,LOW
950,0.3023328,0.2511749,0.5289726,0.37764138,LOW
951,0.23555517,0.13255815,0.3660891,0.25686964,LOW
952,0.17645049,0.25726596,0.6164854,0.3767091,LOW
953,0.20204571,0.06806879,0.38964808,0.23689358,LOW
954,0.17963979,0.04940988,0.44338882,0.24607043,LOW
955,0.220887,0.07219523,0.3550671,0.22995152,LOW
956,0.34001526,0.20962963,0.52611935,0.37534124,LOW
957,0.63197654,0.12676786,0.9304555,0.59980553,MEDIUM
958,0.31903744,0.2704314,0.4932609,0.37414503,LOW
959,0.72187424,0.029428577,0.77835965,0.53673476,MEDIUM
960,0.19306105,0.27379972,0.5748415,0.36999482,LOW
961,0.21297184,0.12567663,0.37964895,0.25345412,LOW
962,0.014820574,0.005644381,0.23183694,0.09887426,LOW
963,0.10250532,0.035721675,0.35521838,0.18355545,LOW
964,0.19188435,0.10911208,0.44461972,0.2681468,LOW
965,0.2258972,0.039211977,0.3106807,0.20380503,LOW
966,0.079563506,0.021099245,0.30877274,0.15370792,LOW
967,0.28431693,0.22307412,0.59738404,0.39117095,LOW
968,0.27620062,0.18437938,0.56551725,0.3643809,LOW
969,0.19881947,0.18513736,0.7712703,0.42369518,LOW
970,0.26015475,0.4494204,0.99212766,0.6097236,MEDIUM
971,0.50804734,0.36194336,0.991712,0.657682,MEDIUM
972,0.003966198,0.026417729,0.24503006,0.107127205,LOW
973,0.3516203,0.3225038,0.991273,0.5987464,MEDIUM
974,0.64896804,0.4124513,0.92313784,0.68768096,MEDIUM
975,0.3681356,0.34885994,0.9946254,0.61294883,MEDIUM
976,0.48924726,0.6050591,0.91893524,0.695866,MEDIUM
977,0.34537762,0.24520035,0.72419393,0.466851,LOW
978,0.33043206,0.3918974,0.9852182,0.61078614,MEDIUM
979,0.5420502,0.85727304,0.8219474,0.7485759,MEDIUM
980,0.36447352,0.31299213,0.740815,0.49956572,LOW
981,0.5140963,0.46257955,0.75185245,0.5937438,MEDIUM
982,0.21410584,0.20915389,0.9714029,0.51553905,MEDIUM
983,0.4642225,0.3690848,0.9869897,0.6447881,MEDIUM
984,0.26000738,0.22369234,0.65129036,0.40562606,LOW
985,0.23594916,0.29369256,0.62524575,0.40899083,LOW
986,0.09108468,0.5526559,0.99403137,0.5907347,MEDIUM
987,0.43411145,0.34759718,0.99511945,0.6325604,MEDIUM
988,0.55647284,0.036362443,0.6485376,0.43726563,LOW
989,0.39537513,0.34736234,0.8128157,0.5479475,MEDIUM
990,0.0003564196,0.00033580378,0.016031185,0.006620141,LOW
991,0.255104,0.25619397,0.75995666,0.45737207,LOW
992,0.45815805,0.54483956,0.9941354,0.69855344,MEDIUM
993,0.4034119,0.5814589,0.9913051,0.69198334,MEDIUM
994,0.27645418,0.2737419,0.68507385,0.43908837,LOW
995,0.17019102,0.15062082,0.75583535,0.39857772,LOW
996,0.49149656,0.7042241,0.97375077,0.7482165,MEDIUM
997,0.34472242,0.45628905,0.8299464,0.572282,MEDIUM
998,0.3704215,0.27003574,0.61270756,0.43722022,LOW
999,0.23042805,0.32874393,0.7115891,0.45238724,LOW
